<GuiXml>
  <Controls>
    <TopLevelControl name="GuardWarnerGui">
      <Dimensions x="200" y="25" />
      <Anchor point="BOTTOM" relativeTo="GuiRoot" relativePoint="CENTER" offsetY="-150" />
      <Controls>
        <Label name="$(parent)Label" width="200" height="25" font="ZoFontWinH1" inheritAlpha="true" color="FFFFFF"
            wrapMode="TRUNCATE" verticalAlignment="TOP" horizontalAlignment="CENTER" text="">
          <Anchor point="TOP" relativeTo="$(parent)" relativePoint="TOP" />
        </Label>
      </Controls>
    </TopLevelControl>
  </Controls>
</GuiXml>